﻿<metadata>
  <idinfo>
    <citation>
      <citeinfo>
        <origin>Sequoia and Kings Canyon National Parks</origin>
        <pubdate>20210204</pubdate>
        <pubtime>030000</pubtime>
        <title>2020 Fire History polygons of Sequoia and Kings Canyon National Parks</title>
        <edition>2020 Fire History Update</edition>
        <geoform>vector digital data</geoform>
        <serinfo>
          <sername>WFMI Link</sername>
          <issue>WFMI</issue>
        </serinfo>
        <pubinfo>
          <pubplace>Ash Mountain, CA</pubplace>
          <publish>Sequoia and Kings Canyon National Park</publish>
        </pubinfo>
      </citeinfo>
    </citation>
    <descript>
      <abstract>This coverage represents the SEKI fire history from 1921 through 2020. A seperate database exists that has attribute information based on the common relate item called "gisno". This was linked to the WFMI database but that was only updated through 2019. The 2020 updates were manually populated from Inform since there was no integrated dataset yet. Some of the spatial data is blocky because it originated as a GRASS coverage with 30 meter resolution. Beginning in 1996, the fire history data has been digitally developed in Arc/Info. The resulting smooth line polygon shapefiles depict fires that are 1996 and later. A significant quality control process has increased the accuracy of attributes in the 2002 version and later.</abstract>
      <purpose>This data can be used for a variety of purposes including fire planning, operational applications, burned area recovery applications.</purpose>
    </descript>
    <timeperd>
      <timeinfo>
        <rngdates>
          <begdate>19210101</begdate>
          <enddate>20201231</enddate>
        </rngdates>
      </timeinfo>
      <current>ground condition</current>
    </timeperd>
    <status>
      <progress>Complete</progress>
      <update>Annually</update>
    </status>
    <spdom>
      <bounding>
        <westbc>-119.155645</westbc>
        <eastbc>-118.261525</eastbc>
        <northbc>37.232948</northbc>
        <southbc>36.068723</southbc>
      </bounding>
    </spdom>
    <keywords>
      <theme>
        <themekt>None</themekt>
        <themekey>history</themekey>
        <themekey>WFMI</themekey>
        <themekey>1202</themekey>
        <themekey>fire history</themekey>
        <themekey>fire</themekey>
      </theme>
      <theme>
        <themekt>ISO 19115 Topic Categories</themekt>
        <themekey>environment</themekey>
      </theme>
      <place>
        <placekt>None</placekt>
        <placekey>SEKI</placekey>
        <placekey>Sierra Nevada</placekey>
        <placekey>Sequoia and Kings Canyon National Parks</placekey>
      </place>
      <stratum>
        <stratkt>None</stratkt>
        <stratkey>fire</stratkey>
      </stratum>
    </keywords>
    <accconst>None</accconst>
    <useconst>The National Park Service shall not be held liable for improper or incorrect use of the data described and/or contained herein. These data and related graphics ("GIF" format files) are not legal documents and are not intended to be used as such. The information contained in these data is dynamic and may change over time. The data are not better than the original sources from which they were derived. It is the responsibility of the data user to use the data appropriately and consistent within the limitations of geospatial data in general and these data in particular. The related graphics are intended to aid the data user in acquiring relevant data; it is not appropriate to use the related graphics as data. The National Park Service gives no warranty, expressed or implied, as to the accuracy, reliability, or completeness of these data. It is strongly recommended that these data are directly acquired from an NPS server and not indireclty through other sources which may have changed the data in some way. Although these data have been processed successfully on a computer system at the National Park Service, no warranty expressed or implied is made regarding the utility of the data on another system or for general or scientific purposes, nor shall the act of distribution constitute any such warranty. This disclaimer applies both to individual use of the data and aggregate use with other data.</useconst>
    <ptcontac>
      <cntinfo>
        <cntorgp>
          <cntorg>Sequoia and Kings Canyon National Parks</cntorg>
          <cntper>Karen Folger</cntper>
        </cntorgp>
        <cntpos>Fire GIS Specialist</cntpos>
        <cntaddr>
          <addrtype>mailing and physical</addrtype>
          <address>47050 Generals Highway</address>
          <city>Three Rivers</city>
          <state>California</state>
          <postal>93271-9651</postal>
        </cntaddr>
        <cntvoice>(559) 565-3795</cntvoice>
        <cntfax>559-565-3730</cntfax>
        <cntemail>karen_folger@nps.gov</cntemail>
      </cntinfo>
    </ptcontac>
    <datacred>Sequoia and Kings Canyon National Park Staff</datacred>
    <native> Version 6.2 (Build 9200) ; Esri ArcGIS 10.7.1.11595</native>
    <crossref>
      <citeinfo>
        <origin>BLM</origin>
        <title>WFMI 1202 System</title>
        <edition>20191231</edition>
        <geoform>tabular digital data</geoform>
      </citeinfo>
    </crossref>
  </idinfo>
  <dataqual>
    <attracc>
      <attraccr>This data comes from the WFMI system so it should be very good.</attraccr>
      <qattracc>
        <attraccv>None</attraccv>
        <attracce>Spot checked and reviewed by internal users.</attracce>
      </qattracc>
    </attracc>
    <posacc>
      <horizpa>
        <horizpar>General accuracy is impossible to consistently report as each fire could have originated on either a 7.5 minute or 15 minute quad map. The individual who drew the fire perimeter is the source. Point fires have been buffered to a 30 meter grid cell size. Some fires were digitized in the approximate area since no exact map was given, but the description was enough to give an area and approximate size. Good - lower accuracy with older fire data. The point (small fires) or polygon (larger) fires were digitized. However, the accuracy of individual fires will be variable depending on the individual who drew the polygon on a basemap. Beginning in 1996, some large fires were GPS'ed with PLGR units. 2008 and later fires mostly get mapped with Garmin 60s or better.</horizpar>
      </horizpa>
    </posacc>
    <lineage>
      <srcinfo>
        <srccite>
          <citeinfo>
            <pubdate>unknown</pubdate>
            <title>Various Quadrangles</title>
            <geoform>Map</geoform>
            <serinfo>
              <sername>USGS Standard Series of 7.5-minute Topographic Quadrangles</sername>
              <issue>[State] Catalog of Topographic and Other Published Maps</issue>
            </serinfo>
            <pubinfo>
              <pubplace>Reston, Virginia</pubplace>
              <publish>U.S. Geological Survey (USGS)</publish>
            </pubinfo>
          </citeinfo>
        </srccite>
        <srcscale>24000</srcscale>
        <typesrc>hardcopyPaper</typesrc>
        <srctime>
          <timeinfo>
            <rngdates>
              <begdate>19480101</begdate>
              <enddate>19910101</enddate>
            </rngdates>
          </timeinfo>
          <srccurr>Unknown</srccurr>
        </srctime>
        <srccitea>Various Quadrangles</srccitea>
        <srccontr>Backdrop for sketching</srccontr>
      </srcinfo>
      <procstep>
        <procdesc>Hand or GPS digitized and then atributed via table data from the Wildland Fire Management Information System (WFMI)</procdesc>
        <procdate>20210204</procdate>
        <proccont>
          <cntinfo>
            <cntorgp>
              <cntorg>Sequoia and Kings Canyon National Parks</cntorg>
              <cntper>Karen Folger</cntper>
            </cntorgp>
            <cntpos>Fire GIS Specialist</cntpos>
            <cntaddr>
              <addrtype>mailing and physical</addrtype>
              <address>47050 Generals Highway</address>
              <city>Three Rivers</city>
              <state>CA</state>
              <postal>93271</postal>
            </cntaddr>
            <cntvoice>559-565-3795</cntvoice>
            <cntemail>karen_folger@nps.gov</cntemail>
          </cntinfo>
        </proccont>
      </procstep>
    </lineage>
  </dataqual>
  <spdoinfo>
    <indspref>Arc/Info Regions to Shapefile</indspref>
    <direct>Vector</direct>
    <ptvctinf>
      <sdtsterm>
        <sdtstype>GT-polygon composed of chains</sdtstype>
        <ptvctcnt>4027</ptvctcnt>
      </sdtsterm>
    </ptvctinf>
  </spdoinfo>
  <spref>
    <horizsys>
      <planar>
        <mapproj>
          <mapprojn>NAD 1983 UTM Zone 11N</mapprojn>
          <transmer>
            <sfctrmer>0.9996</sfctrmer>
            <longcm>-117.0</longcm>
            <latprjo>0.0</latprjo>
            <feast>500000.0</feast>
            <fnorth>0.0</fnorth>
          </transmer>
        </mapproj>
        <planci>
          <plance>coordinate pair</plance>
          <coordrep>
            <absres>0.000013073440659428158</absres>
            <ordres>0.000013073440659428158</ordres>
          </coordrep>
          <plandu>meter</plandu>
        </planci>
      </planar>
      <geodetic>
        <horizdn>D North American 1983</horizdn>
        <ellips>GRS 1980</ellips>
        <semiaxis>6378137.0</semiaxis>
        <denflat>298.257222101</denflat>
      </geodetic>
    </horizsys>
  </spref>
  <eainfo>
    <detailed>
      <enttyp>
        <enttypl>SEKIgis.DBO.FIRE_BurnHistory_py_New</enttypl>
        <enttypd>Provides specific information on individual fires from fire report.</enttypd>
        <enttypds>Sequoia and Kings Canyon modified from WFMI Download of 1202 Data</enttypds>
      </enttyp>
      <attr>
        <attrlabl>OBJECTID</attrlabl>
        <attrdef>Internal feature number.</attrdef>
        <attrdefs>Esri</attrdefs>
        <attrdomv>
          <udom>Sequential unique whole numbers that are automatically generated.</udom>
        </attrdomv>
      </attr>
      <attr>
        <attrlabl>ControlDT</attrlabl>
        <attrdef>Fire Control Date</attrdef>
        <attrdefs>WFMI</attrdefs>
      </attr>
      <attr>
        <attrlabl>UTME</attrlabl>
        <attrdef>UTM Easting in NAD83</attrdef>
        <attrdefs>SEKI ignition locations</attrdefs>
      </attr>
      <attr>
        <attrlabl>UTMN</attrlabl>
        <attrdef>UTM Northing in NAD83</attrdef>
        <attrdefs>SEKI ignition locations</attrdefs>
      </attr>
      <attr>
        <attrlabl>FireName</attrlabl>
        <attrdef>Name of Fire</attrdef>
      </attr>
      <attr>
        <attrlabl>YEARNO</attrlabl>
        <attrdef>Year of Fire Start</attrdef>
      </attr>
      <attr>
        <attrlabl>FireId</attrlabl>
        <attrdef>from WFMI system</attrdef>
        <attrdefs>WFMI</attrdefs>
      </attr>
      <attr>
        <attrlabl>NIFCNO</attrlabl>
        <attrdef>WFMI Fire #</attrdef>
      </attr>
      <attr>
        <attrlabl>SpecificCa</attrlabl>
        <attrdef>Specific Cause</attrdef>
        <attrdefs>WFMI System</attrdefs>
        <attrdomv>
          <edom>
            <edomv>7</edomv>
            <edomvd>Brakes</edomvd>
          </edom>
          <edom>
            <edomv>11</edomv>
            <edomvd>Trash burning</edomvd>
          </edom>
          <edom>
            <edomv>15</edomv>
            <edomvd>Slash burning</edomvd>
          </edom>
          <edom>
            <edomv>10</edomv>
            <edomvd>Smoking</edomvd>
          </edom>
          <edom>
            <edomv>27</edomv>
            <edomvd>Ignition devices</edomvd>
          </edom>
          <edom>
            <edomv>16</edomv>
            <edomvd>Right-of-way</edomvd>
          </edom>
          <edom>
            <edomv>24</edomv>
            <edomvd>Burning building</edomvd>
          </edom>
          <edom>
            <edomv>23</edomv>
            <edomvd>Blasting</edomvd>
          </edom>
          <edom>
            <edomv>18</edomv>
            <edomvd>Grudge fire</edomvd>
          </edom>
          <edom>
            <edomv>19</edomv>
            <edomvd>Recurrent</edomvd>
          </edom>
          <edom>
            <edomv>22</edomv>
            <edomvd>Employment</edomvd>
          </edom>
          <edom>
            <edomv>12</edomv>
            <edomvd>Burning dump</edomvd>
          </edom>
          <edom>
            <edomv>31</edomv>
            <edomvd>Volcanic</edomvd>
          </edom>
          <edom>
            <edomv>32</edomv>
            <edomvd>Other, known</edomvd>
          </edom>
          <edom>
            <edomv>3</edomv>
            <edomvd>Vehicle</edomvd>
          </edom>
          <edom>
            <edomv>4</edomv>
            <edomvd>Exhaust</edomvd>
          </edom>
          <edom>
            <edomv>26</edomv>
            <edomvd>Fireworks</edomvd>
          </edom>
          <edom>
            <edomv>25</edomv>
            <edomvd>Powerline</edomvd>
          </edom>
          <edom>
            <edomv>8</edomv>
            <edomvd>Cooking/warming</edomvd>
          </edom>
          <edom>
            <edomv>30</edomv>
            <edomvd>Other, unknown</edomvd>
          </edom>
          <edom>
            <edomv>2</edomv>
            <edomvd>Aircraft</edomvd>
          </edom>
          <edom>
            <edomv>1</edomv>
            <edomvd>Lightning</edomvd>
            <edomvds>WFMI System</edomvds>
          </edom>
          <edom>
            <edomv>17</edomv>
            <edomvd>Resource mgmt</edomvd>
          </edom>
          <edom>
            <edomv>13</edomv>
            <edomvd>Field burning</edomvd>
          </edom>
          <edom>
            <edomv>14</edomv>
            <edomvd>Land clearing</edomvd>
          </edom>
        </attrdomv>
      </attr>
      <attr>
        <attrlabl>FireCode</attrlabl>
      </attr>
      <attr>
        <attrlabl>Cause</attrlabl>
        <attrdefs>WFMI</attrdefs>
        <attrdomv>
          <edom>
            <edomv>Natural</edomv>
            <edomvd>Lightning or Other Naturally Caused</edomvd>
            <edomvds>WFMI System</edomvds>
          </edom>
          <edom>
            <edomv>Human</edomv>
            <edomvd>Human Caused</edomvd>
            <edomvds>WFMI System</edomvds>
          </edom>
        </attrdomv>
      </attr>
      <attr>
        <attrlabl>NIFCLINK</attrlabl>
        <attrdef>Linkage to WFMI database consisting of YEARNO and Firenumber</attrdef>
      </attr>
      <attr>
        <attrlabl>FireType</attrlabl>
        <attrdef>Type of Fire</attrdef>
        <attrdefs>WFMI combines Firetype and Protection Type</attrdefs>
        <attrdomv>
          <edom>
            <edomv>26</edomv>
            <edomvd>Natural outs, Other lands protected by NPS under a MOU, interagency agreement, or contract</edomvd>
          </edom>
          <edom>
            <edomv>23</edomv>
            <edomvd>Natural outs, NPS lands protected by another non-fed agency</edomvd>
          </edom>
          <edom>
            <edomv>37</edomv>
            <edomvd>Support actions by NPS resources</edomvd>
          </edom>
          <edom>
            <edomv>14</edomv>
            <edomvd>Suppress Fires, for fires suppressed under a confine or contain strategy</edomvd>
          </edom>
          <edom>
            <edomv>15</edomv>
            <edomvd>Suppressed Fires, other lands not under an agreement, where NPS action taken to prevent spread to NPS land</edomvd>
          </edom>
          <edom>
            <edomv>16</edomv>
            <edomvd>Suppressed Fires, other lands protected by NPS under a MOU, interagency agreement, or contract</edomvd>
          </edom>
          <edom>
            <edomv>21</edomv>
            <edomvd>Natural outs, NPS land under NPS protection</edomvd>
          </edom>
          <edom>
            <edomv>22</edomv>
            <edomvd>Natural outs, NPS lands protected by another fed agency</edomvd>
          </edom>
          <edom>
            <edomv>11</edomv>
            <edomvd>Suppressed Fires, NPS land under NPS protection</edomvd>
          </edom>
          <edom>
            <edomv>13</edomv>
            <edomvd>Suppressed Fires, NPS lands protected by another non-federal agency</edomvd>
          </edom>
          <edom>
            <edomv>12</edomv>
            <edomvd>Suppressed Fires, NPS lands protected by another federal agency</edomvd>
          </edom>
          <edom>
            <edomv>48</edomv>
            <edomvd>Prescribed fire, management ignited</edomvd>
          </edom>
          <edom>
            <edomv>25</edomv>
            <edomvd>Naturals outs, Other lands not under an agreement, where NPS action taken to prevent spread to NPS land</edomvd>
          </edom>
          <edom>
            <edomv>49</edomv>
            <edomvd>Lightning managed for Resource Benefit</edomvd>
          </edom>
          <edom>
            <edomv>51</edomv>
            <edomvd>False Alarms</edomvd>
          </edom>
        </attrdomv>
      </attr>
      <attr>
        <attrlabl>OutDate</attrlabl>
        <attrdef>Date fire declared out</attrdef>
      </attr>
      <attr>
        <attrlabl>ControlAcr</attrlabl>
        <attrdef>Acres at Control</attrdef>
      </attr>
      <attr>
        <attrlabl>Owner</attrlabl>
        <attrdef>Owner of land on which fire started</attrdef>
        <attrdomv>
          <edom>
            <edomv>5</edomv>
            <edomvd>USFS</edomvd>
          </edom>
          <edom>
            <edomv>6</edomv>
            <edomvd>Other Federal Land</edomvd>
          </edom>
          <edom>
            <edomv>4</edomv>
            <edomvd>FWS</edomvd>
          </edom>
          <edom>
            <edomv>7</edomv>
            <edomvd>State Lands</edomvd>
          </edom>
          <edom>
            <edomv>3</edomv>
            <edomvd>NPS</edomvd>
          </edom>
          <edom>
            <edomv>9</edomv>
            <edomvd>Other</edomvd>
          </edom>
          <edom>
            <edomv>1</edomv>
            <edomvd>BLM</edomvd>
          </edom>
          <edom>
            <edomv>2</edomv>
            <edomvd>BIA</edomvd>
          </edom>
          <edom>
            <edomv>8</edomv>
            <edomvd>Private Lands</edomvd>
          </edom>
        </attrdomv>
      </attr>
      <attr>
        <attrlabl>Shape</attrlabl>
        <attrdef>Feature geometry.</attrdef>
        <attrdefs>ESRI</attrdefs>
        <attrdomv>
          <udom>Coordinates defining the features.</udom>
        </attrdomv>
      </attr>
      <attr>
        <attrlabl>LongNAD83</attrlabl>
        <attrdef>Longitude in NAD83</attrdef>
        <attrdefs>WFMI system calculated</attrdefs>
      </attr>
      <attr>
        <attrlabl>LatNAD83</attrlabl>
        <attrdef>Latitude in NAD83</attrdef>
        <attrdefs>WFMI system calculated</attrdefs>
      </attr>
      <attr>
        <attrlabl>GeneralCa</attrlabl>
        <attrdef>General Cause</attrdef>
        <attrdefs>WFMI System</attrdefs>
        <attrdomv>
          <edom>
            <edomv>9</edomv>
            <edomvd>Miscellaneous</edomvd>
          </edom>
          <edom>
            <edomv>3</edomv>
            <edomvd>Smoking</edomvd>
          </edom>
          <edom>
            <edomv>8</edomv>
            <edomvd>Children</edomvd>
          </edom>
          <edom>
            <edomv>6</edomv>
            <edomvd>Equipment Use</edomvd>
          </edom>
          <edom>
            <edomv>5</edomv>
            <edomvd>Incendiary</edomvd>
          </edom>
          <edom>
            <edomv>2</edomv>
            <edomvd>Campfire</edomvd>
          </edom>
          <edom>
            <edomv>7</edomv>
            <edomvd>Railroads</edomvd>
          </edom>
          <edom>
            <edomv>1</edomv>
            <edomvd>Natural</edomvd>
          </edom>
          <edom>
            <edomv>4</edomv>
            <edomvd>Debris</edomvd>
          </edom>
        </attrdomv>
      </attr>
      <attr>
        <attrlabl>FireNumber</attrlabl>
        <attrdef>WFMI Fire #</attrdef>
      </attr>
      <attr>
        <attrlabl>StartDate</attrlabl>
        <attrdef>Start Date of Fire</attrdef>
      </attr>
      <attr>
        <attrlabl>GISNO</attrlabl>
        <attrdef>Linkage to GIS database, YEAR + GIS Fire #</attrdef>
      </attr>
      <attr>
        <attrlabl>IADate</attrlabl>
        <attrdef>Initial Attack Date</attrdef>
        <attrdefs>WFMI</attrdefs>
      </attr>
      <attr>
        <attrlabl>FireUse</attrlabl>
        <attrdef>Used internally to calculate statistics on whether fires were predominately suppression or fire use. RX fires do not receive a value. Only coded as yes for fires where no suppression action was taken. Many wilderness fires are only monitored by air. </attrdef>
        <attrdefs>SEKI</attrdefs>
        <attrdomv>
          <edom>
            <edomv>Yes</edomv>
            <edomvd>Fire was not suppressed</edomvd>
            <edomvds>SEKI</edomvds>
          </edom>
          <edom>
            <edomv>No or blank</edomv>
            <edomvd>Fire had some kind of suppression action taken</edomvd>
            <edomvds>SEKI</edomvds>
          </edom>
        </attrdomv>
      </attr>
      <attr>
        <attrlabl>GlobalID</attrlabl>
      </attr>
      <attr>
        <attrlabl>GIS_Acres</attrlabl>
        <attrdef>Size of fire in Acres calculated by GIS</attrdef>
        <attrdefs>SEKI</attrdefs>
      </attr>
      <attr>
        <attrlabl>Shape.STArea()</attrlabl>
      </attr>
      <attr>
        <attrlabl>Shape.STLength()</attrlabl>
      </attr>
    </detailed>
    <overview>
      <eaover>The polygon attribute table contains a field by name of NIFCLINK, which joins the WFMI attribute dataset to the local GISNO linked spatial dataset. A linkage between these 2 numbering systems is maintained locally. The UTME and UTMN from the locally maintained dataset represents the most accurate version of ignition locations.</eaover>
      <eadetcit>Click on link to users guide for the WFMI Fire Reporting System. http://www.nifc.blm.gov/nsdu/fire_reporting/NPS/doc/UserGuides.html</eadetcit>
    </overview>
  </eainfo>
  <distinfo>
    <distrib>
      <cntinfo>
        <cntorgp>
          <cntorg>Sequoia and Kings Canyon National Parks</cntorg>
          <cntper>Karen Folger</cntper>
        </cntorgp>
        <cntpos>Fire GIS Specialist</cntpos>
        <cntaddr>
          <addrtype>mailing and physical</addrtype>
          <address>47050 Generals Highway</address>
          <city>Three Rivers</city>
          <state>California</state>
          <postal>93271-9651</postal>
        </cntaddr>
        <cntvoice>(559) 565-3795</cntvoice>
        <cntfax>(559) 565-3730</cntfax>
        <cntemail>Karen_folger@nps.gov</cntemail>
      </cntinfo>
    </distrib>
    <resdesc>Downloadable Data from nrinfo.nps.gov</resdesc>
    <distliab>The National Park Service shall not be held liable for improper or incorrect use of the data described and/or contained herein. These data and related graphics ("GIF" format files) are not legal documents and are not intended to be used as such. The information contained in these data is dynamic and may change over time. The data are not better than the original sources from which they were derived. It is the responsibility of the data user to use the data appropriately and consistent within the limitations of geospatial data in general and these data in particular. The related graphics are intended to aid the data user in acquiring relevant data; it is not appropriate to use the related graphics as data. The National Park Service gives no warranty, expressed or implied, as to the accuracy, reliability, or completeness of these data. It is strongly recommended that these data are directly acquired from an NPS server and not indireclty through other sources which may have changed the data in some way. Although these data have been processed successfully on a computer system at the National Park Service, no warranty expressed or implied is made regarding the utility of the data on another system or for general or scientific purposes, nor shall the act of distribution constitute any such warranty. This disclaimer applies both to individual use of the data and aggregate use with other data.</distliab>
    <stdorder>
      <digform>
        <digtinfo>
          <formname>SHP</formname>
          <formvern>10</formvern>
          <formspec>Shapefile</formspec>
          <transize>2.952</transize>
        </digtinfo>
        <digtopt>
          <onlinopt>
            <computer>
              <networka>
                <networkr>irma.nps.gov</networkr>
              </networka>
            </computer>
          </onlinopt>
          <onlinopt>
            <computer>
              <networka>
                <networkr>http://irma.nps.gov</networkr>
              </networka>
            </computer>
            <accinstr>Downloadable Data from nrinfo.nps.gov</accinstr>
          </onlinopt>
        </digtopt>
      </digform>
      <fees>None</fees>
    </stdorder>
    <availabl>
      <timeinfo>
        <rngdates>
          <begdate>19210101</begdate>
          <enddate>20191231</enddate>
        </rngdates>
      </timeinfo>
    </availabl>
  </distinfo>
  <metainfo>
    <metd>20210205</metd>
    <metrd>20190204</metrd>
    <metc>
      <cntinfo>
        <cntorgp>
          <cntorg>Sequoia and Kings Canyon National Parks</cntorg>
          <cntper>Karen Folger</cntper>
        </cntorgp>
        <cntpos>Fire GIS Specialist</cntpos>
        <cntaddr>
          <addrtype>mailing and physical</addrtype>
          <address>47050 Generals Highway</address>
          <city>Three Rivers</city>
          <state>California</state>
          <postal>93271-9651</postal>
        </cntaddr>
        <cntvoice>(559) 565-3795</cntvoice>
        <cntfax>559-565-3730</cntfax>
        <cntemail>karen_folger@nps.gov</cntemail>
      </cntinfo>
    </metc>
    <metstdn>FGDC Content Standard for Digital Geospatial Metadata</metstdn>
    <metstdv>FGDC-STD-001-1998</metstdv>
    <mettc>local time</mettc>
    <metsi>
      <metscs>None</metscs>
      <metsc>Unclassified</metsc>
      <metshd>None</metshd>
    </metsi>
  </metainfo>
</metadata>