<?xml version="1.0" encoding="UTF-8"?>
<metadata xml:lang="en"><Esri><CreaDate>20210205</CreaDate><CreaTime>09325000</CreaTime><ArcGISFormat>1.0</ArcGISFormat><SyncOnce>FALSE</SyncOnce><DataProperties><lineage><Process ToolSource="c:\program files\arcgis\pro\Resources\ArcToolbox\toolboxes\Conversion Tools.tbx\FeatureClassToFeatureClass" Date="20210204" Time="135336" Name="" export="">FeatureClassToFeatureClass allyears_gisno C:\SEKIGIS\fire\WildlandFireLocations.gdb SEKI_fhst # "GISNO "GISNO" true true false 4 Long 0 0,First,#,allyears_gisno,allyears_gisno.GISNO,-1,-1;YEARNO "YEARNO" true true false 2 Short 0 0,First,#,allyears_gisno,allyears_gisno.YEARNO,-1,-1;NIFCNO "NIFCNO" true true false 8 Double 0 0,First,#,allyears_gisno,allyears_gisno.NIFCNO,-1,-1;UTME "UTME" true true false 8 Double 0 0,First,#,allyears_gisno,allyears_gisno.UTME,-1,-1;UTMN "UTMN" true true false 8 Double 0 0,First,#,allyears_gisno,allyears_gisno.UTMN,-1,-1;FireUse "FireUse" true true false 255 Text 0 0,First,#,allyears_gisno,allyears_gisno.FireUse,0,255;NIFCLINK "NIFCLINK" true true false 8 Double 0 0,First,#,allyears_gisno,allyears_gisno.NIFCLINK,-1,-1;FireId "FireId" true true false 8 Double 0 0,First,#,allyears_gisno,WFMI_2020.FireId,-1,-1;FireCode "FireCode" true true false 255 Text 0 0,First,#,allyears_gisno,WFMI_2020.FireCode,0,255;FireNumber "FireNumber" true true false 4 Long 0 0,First,#,allyears_gisno,WFMI_2020.FireNumber,-1,-1;Firetype "Firetype" true true false 4 Long 0 0,First,#,allyears_gisno,WFMI_2020.Firetype,-1,-1;Cause "Cause" true true false 255 Text 0 0,First,#,allyears_gisno,WFMI_2020.Cause,0,255;GeneralCa "GeneralCa" true true false 4 Long 0 0,First,#,allyears_gisno,WFMI_2020.GeneralCa,-1,-1;SpecificCa "SpecificCa" true true false 4 Long 0 0,First,#,allyears_gisno,WFMI_2020.SpecificCa,-1,-1;FireName "FireName" true true false 255 Text 0 0,First,#,allyears_gisno,WFMI_2020.FireName,0,255;Owner "Owner" true true false 4 Long 0 0,First,#,allyears_gisno,WFMI_2020.Owner,-1,-1;LatNAD83 "LatNAD83" true true false 8 Double 0 0,First,#,allyears_gisno,WFMI_2020.LatNAD83,-1,-1;LongNAD83 "LongNAD83" true true false 8 Double 0 0,First,#,allyears_gisno,WFMI_2020.LongNAD83,-1,-1;StartDate "StartDate" true true false 8 Date 0 0,First,#,allyears_gisno,WFMI_2020.StartDate,-1,-1;IADate "IADate" true true false 8 Date 0 0,First,#,allyears_gisno,WFMI_2020.IADate,-1,-1;ControlDT "ControlDT" true true false 8 Date 0 0,First,#,allyears_gisno,WFMI_2020.ControlDT,-1,-1;ControlAcr "ControlAcr" true true false 8 Double 0 0,First,#,allyears_gisno,WFMI_2020.ControlAcr,-1,-1;OutDate "OutDate" true true false 8 Date 0 0,First,#,allyears_gisno,WFMI_2020.OutDate,-1,-1" #</Process><Process ToolSource="c:\program files\arcgis\pro\Resources\ArcToolbox\toolboxes\Data Management Tools.tbx\UpdateSchema" Date="20210204" Time="135500" Name="" export="">UpdateSchema "CIMDATA=&lt;CIMStandardDataConnection xsi:type='typens:CIMStandardDataConnection' xmlns:xsi='http://www.w3.org/2001/XMLSchema-instance' xmlns:xs='http://www.w3.org/2001/XMLSchema' xmlns:typens='http://www.esri.com/schemas/ArcGIS/2.6.0'&gt;&lt;WorkspaceConnectionString&gt;DATABASE=C:\SEKIGIS\fire\WildlandFireLocations.gdb&lt;/WorkspaceConnectionString&gt;&lt;WorkspaceFactory&gt;FileGDB&lt;/WorkspaceFactory&gt;&lt;Dataset&gt;SEKI_fhst&lt;/Dataset&gt;&lt;DatasetType&gt;esriDTFeatureClass&lt;/DatasetType&gt;&lt;/CIMStandardDataConnection&gt;" &lt;operationSequence&gt;&lt;workflow&gt;&lt;AssignDomainToField&gt;&lt;field_name&gt;Firetype&lt;/field_name&gt;&lt;domain_name&gt;DOM_FireProtectionType&lt;/domain_name&gt;&lt;/AssignDomainToField&gt;&lt;/workflow&gt;&lt;workflow&gt;&lt;AssignDomainToField&gt;&lt;field_name&gt;GeneralCa&lt;/field_name&gt;&lt;domain_name&gt;DOM_GeneralCause&lt;/domain_name&gt;&lt;/AssignDomainToField&gt;&lt;/workflow&gt;&lt;workflow&gt;&lt;AssignDomainToField&gt;&lt;field_name&gt;SpecificCa&lt;/field_name&gt;&lt;domain_name&gt;DOM_SpecificCause&lt;/domain_name&gt;&lt;/AssignDomainToField&gt;&lt;/workflow&gt;&lt;workflow&gt;&lt;AssignDomainToField&gt;&lt;field_name&gt;Owner&lt;/field_name&gt;&lt;domain_name&gt;DOM_Owner&lt;/domain_name&gt;&lt;/AssignDomainToField&gt;&lt;/workflow&gt;&lt;/operationSequence&gt;</Process><Process ToolSource="c:\program files (x86)\arcgis\desktop10.7\ArcToolbox\Toolboxes\Conversion Tools.tbx\FeatureClassToFeatureClass" Date="20210204" Time="152823" Name="" export="">FeatureClassToFeatureClass S:\GIS\seki\park_programs\Data\fire\history\gis\2020\raw_gdb\WildlandFireLocations.gdb\SEKI_fhst \\SEKIsql\ArcSDE_Connection_Files\SEKIsql_SEKIgis_direct.sde FIRE_BurnHistory_py_New # "GISNO "GISNO" true true false 4 Long 0 0 ,First,#,S:\GIS\seki\park_programs\Data\fire\history\gis\2020\raw_gdb\WildlandFireLocations.gdb\SEKI_fhst,GISNO,-1,-1;YEARNO "YEARNO" true true false 2 Short 0 0 ,First,#,S:\GIS\seki\park_programs\Data\fire\history\gis\2020\raw_gdb\WildlandFireLocations.gdb\SEKI_fhst,YEARNO,-1,-1;NIFCNO "NIFCNO" true true false 8 Double 0 0 ,First,#,S:\GIS\seki\park_programs\Data\fire\history\gis\2020\raw_gdb\WildlandFireLocations.gdb\SEKI_fhst,NIFCNO,-1,-1;UTME "UTME" true true false 8 Double 0 0 ,First,#,S:\GIS\seki\park_programs\Data\fire\history\gis\2020\raw_gdb\WildlandFireLocations.gdb\SEKI_fhst,UTME,-1,-1;UTMN "UTMN" true true false 8 Double 0 0 ,First,#,S:\GIS\seki\park_programs\Data\fire\history\gis\2020\raw_gdb\WildlandFireLocations.gdb\SEKI_fhst,UTMN,-1,-1;FireUse "FireUse" true true false 255 Text 0 0 ,First,#,S:\GIS\seki\park_programs\Data\fire\history\gis\2020\raw_gdb\WildlandFireLocations.gdb\SEKI_fhst,FireUse,-1,-1;NIFCLINK "NIFCLINK" true true false 8 Double 0 0 ,First,#,S:\GIS\seki\park_programs\Data\fire\history\gis\2020\raw_gdb\WildlandFireLocations.gdb\SEKI_fhst,NIFCLINK,-1,-1;FireId "FireId" true true false 8 Double 0 0 ,First,#,S:\GIS\seki\park_programs\Data\fire\history\gis\2020\raw_gdb\WildlandFireLocations.gdb\SEKI_fhst,FireId,-1,-1;FireCode "FireCode" true true false 255 Text 0 0 ,First,#,S:\GIS\seki\park_programs\Data\fire\history\gis\2020\raw_gdb\WildlandFireLocations.gdb\SEKI_fhst,FireCode,-1,-1;FireNumber "FireNumber" true true false 4 Long 0 0 ,First,#,S:\GIS\seki\park_programs\Data\fire\history\gis\2020\raw_gdb\WildlandFireLocations.gdb\SEKI_fhst,FireNumber,-1,-1;Firetype "Firetype" true true false 4 Long 0 0 ,First,#,S:\GIS\seki\park_programs\Data\fire\history\gis\2020\raw_gdb\WildlandFireLocations.gdb\SEKI_fhst,Firetype,-1,-1;Cause "Cause" true true false 255 Text 0 0 ,First,#,S:\GIS\seki\park_programs\Data\fire\history\gis\2020\raw_gdb\WildlandFireLocations.gdb\SEKI_fhst,Cause,-1,-1;GeneralCa "GeneralCa" true true false 4 Long 0 0 ,First,#,S:\GIS\seki\park_programs\Data\fire\history\gis\2020\raw_gdb\WildlandFireLocations.gdb\SEKI_fhst,GeneralCa,-1,-1;SpecificCa "SpecificCa" true true false 4 Long 0 0 ,First,#,S:\GIS\seki\park_programs\Data\fire\history\gis\2020\raw_gdb\WildlandFireLocations.gdb\SEKI_fhst,SpecificCa,-1,-1;FireName "FireName" true true false 255 Text 0 0 ,First,#,S:\GIS\seki\park_programs\Data\fire\history\gis\2020\raw_gdb\WildlandFireLocations.gdb\SEKI_fhst,FireName,-1,-1;Owner "Owner" true true false 4 Long 0 0 ,First,#,S:\GIS\seki\park_programs\Data\fire\history\gis\2020\raw_gdb\WildlandFireLocations.gdb\SEKI_fhst,Owner,-1,-1;LatNAD83 "LatNAD83" true true false 8 Double 0 0 ,First,#,S:\GIS\seki\park_programs\Data\fire\history\gis\2020\raw_gdb\WildlandFireLocations.gdb\SEKI_fhst,LatNAD83,-1,-1;LongNAD83 "LongNAD83" true true false 8 Double 0 0 ,First,#,S:\GIS\seki\park_programs\Data\fire\history\gis\2020\raw_gdb\WildlandFireLocations.gdb\SEKI_fhst,LongNAD83,-1,-1;StartDate "StartDate" true true false 8 Date 0 0 ,First,#,S:\GIS\seki\park_programs\Data\fire\history\gis\2020\raw_gdb\WildlandFireLocations.gdb\SEKI_fhst,StartDate,-1,-1;IADate "IADate" true true false 8 Date 0 0 ,First,#,S:\GIS\seki\park_programs\Data\fire\history\gis\2020\raw_gdb\WildlandFireLocations.gdb\SEKI_fhst,IADate,-1,-1;ControlDT "ControlDT" true true false 8 Date 0 0 ,First,#,S:\GIS\seki\park_programs\Data\fire\history\gis\2020\raw_gdb\WildlandFireLocations.gdb\SEKI_fhst,ControlDT,-1,-1;ControlAcr "ControlAcr" true true false 8 Double 0 0 ,First,#,S:\GIS\seki\park_programs\Data\fire\history\gis\2020\raw_gdb\WildlandFireLocations.gdb\SEKI_fhst,ControlAcr,-1,-1;OutDate "OutDate" true true false 8 Date 0 0 ,First,#,S:\GIS\seki\park_programs\Data\fire\history\gis\2020\raw_gdb\WildlandFireLocations.gdb\SEKI_fhst,OutDate,-1,-1" #</Process><Process ToolSource="c:\program files (x86)\arcgis\desktop10.7\ArcToolbox\Toolboxes\Data Management Tools.tbx\CalculateField" Date="20220406" Time="231911">CalculateField seki_fhst Year [YEARNO] VB #</Process></lineage><itemProps><itemName Sync="TRUE">SEKIgis.DBO.FIRE_BurnHistory_py_New</itemName><itemLocation><linkage Sync="TRUE">Server=SEKIsql; Service=sde:sqlserver:SEKIsql; Database=SEKIgis; Version=dbo.DEFAULT</linkage><protocol Sync="TRUE">ArcSDE Connection</protocol></itemLocation><nativeExtBox><westBL Sync="TRUE">308741.589094</westBL><eastBL Sync="TRUE">386415.138801</eastBL><southBL Sync="TRUE">3993658.424595</southBL><northBL Sync="TRUE">4121482.573599</northBL><exTypeCode Sync="TRUE">1</exTypeCode></nativeExtBox><imsContentType Sync="TRUE">002</imsContentType></itemProps><coordRef><type Sync="TRUE">Projected</type><geogcsn Sync="TRUE">GCS_North_American_1983</geogcsn><csUnits Sync="TRUE">Linear Unit: Meter (1.000000)</csUnits><projcsn Sync="TRUE">NAD_1983_UTM_Zone_11N</projcsn><peXml Sync="TRUE">&lt;ProjectedCoordinateSystem xsi:type='typens:ProjectedCoordinateSystem' xmlns:xsi='http://www.w3.org/2001/XMLSchema-instance' xmlns:xs='http://www.w3.org/2001/XMLSchema' xmlns:typens='http://www.esri.com/schemas/ArcGIS/10.7'&gt;&lt;WKT&gt;PROJCS[&amp;quot;NAD_1983_UTM_Zone_11N&amp;quot;,GEOGCS[&amp;quot;GCS_North_American_1983&amp;quot;,DATUM[&amp;quot;D_North_American_1983&amp;quot;,SPHEROID[&amp;quot;GRS_1980&amp;quot;,6378137.0,298.257222101]],PRIMEM[&amp;quot;Greenwich&amp;quot;,0.0],UNIT[&amp;quot;Degree&amp;quot;,0.0174532925199433]],PROJECTION[&amp;quot;Transverse_Mercator&amp;quot;],PARAMETER[&amp;quot;False_Easting&amp;quot;,500000.0],PARAMETER[&amp;quot;False_Northing&amp;quot;,0.0],PARAMETER[&amp;quot;Central_Meridian&amp;quot;,-117.0],PARAMETER[&amp;quot;Scale_Factor&amp;quot;,0.9996],PARAMETER[&amp;quot;Latitude_Of_Origin&amp;quot;,0.0],UNIT[&amp;quot;Meter&amp;quot;,1.0],AUTHORITY[&amp;quot;EPSG&amp;quot;,26911]]&lt;/WKT&gt;&lt;XOrigin&gt;-5120899.9999860739&lt;/XOrigin&gt;&lt;YOrigin&gt;-9998099.9999578502&lt;/YOrigin&gt;&lt;XYScale&gt;76490.957969723997&lt;/XYScale&gt;&lt;ZOrigin&gt;0&lt;/ZOrigin&gt;&lt;ZScale&gt;1&lt;/ZScale&gt;&lt;MOrigin&gt;0&lt;/MOrigin&gt;&lt;MScale&gt;1&lt;/MScale&gt;&lt;XYTolerance&gt;0.00010458752527542527&lt;/XYTolerance&gt;&lt;ZTolerance&gt;0.001&lt;/ZTolerance&gt;&lt;MTolerance&gt;0.001&lt;/MTolerance&gt;&lt;HighPrecision&gt;true&lt;/HighPrecision&gt;&lt;WKID&gt;26911&lt;/WKID&gt;&lt;LatestWKID&gt;26911&lt;/LatestWKID&gt;&lt;/ProjectedCoordinateSystem&gt;</peXml></coordRef></DataProperties><SyncDate>20210204</SyncDate><SyncTime>15424200</SyncTime><ModDate>20210204</ModDate><ModTime>15531100</ModTime><scaleRange><minScale>500000</minScale><maxScale>5000</maxScale></scaleRange><ArcGISProfile>FGDC</ArcGISProfile><ArcGISstyle>FGDC CSDGM Metadata</ArcGISstyle></Esri><mdLang><languageCode value="eng"/><countryCode value="USA" Sync="TRUE"/></mdLang><mdChar><CharSetCd value="004"/></mdChar><mdHrLv><ScopeCd value="005"/></mdHrLv><mdContact><rpIndName>Karen Folger</rpIndName><rpOrgName>Sequoia and Kings Canyon National Parks</rpOrgName><rpPosName>Fire GIS Specialist</rpPosName><rpCntInfo><cntPhone><voiceNum>(559) 565-3795</voiceNum><faxNum>559-565-3730</faxNum></cntPhone><cntAddress addressType="both"><delPoint>47050 Generals Highway</delPoint><city>Three Rivers</city><adminArea>California</adminArea><postCode>93271-9651</postCode><eMailAdd>karen_folger@nps.gov</eMailAdd></cntAddress></rpCntInfo><role><RoleCd value="007"/></role></mdContact><mdStanName>ArcGIS Metadata</mdStanName><mdStanVer>1.0</mdStanVer><distInfo><distributor><distorCont><rpIndName>Karen Folger</rpIndName><rpOrgName>Sequoia and Kings Canyon National Parks</rpOrgName><rpPosName>Fire GIS Specialist</rpPosName><rpCntInfo><cntPhone><voiceNum>(559) 565-3795</voiceNum><faxNum>(559) 565-3730</faxNum></cntPhone><cntAddress addressType="both"><delPoint>47050 Generals Highway</delPoint><city>Three Rivers</city><adminArea>California</adminArea><postCode>93271-9651</postCode><eMailAdd>Karen_folger@nps.gov</eMailAdd></cntAddress></rpCntInfo><role><RoleCd value="005"/></role></distorCont><distorOrdPrc><resFees>None</resFees><planAvTmPd><tmBegin>1921-01-01T00:00:00</tmBegin><tmEnd>2019-12-31T00:00:00</tmEnd></planAvTmPd></distorOrdPrc><distorFormat><formatName>SHP</formatName><formatVer>10</formatVer><formatSpec>Shapefile</formatSpec></distorFormat><distorTran><transSize>2.952</transSize><onLineSrc><linkage>irma.nps.gov</linkage><orFunct><OnFunctCd value="001"/></orFunct></onLineSrc></distorTran><distorTran><onLineSrc><orDesc>Downloadable Data from nrinfo.nps.gov</orDesc><linkage>http://irma.nps.gov</linkage></onLineSrc></distorTran></distributor><distFormat><formatName Sync="TRUE">SDE Feature Class</formatName></distFormat></distInfo><dataIdInfo><idCitation xmlns=""><resTitle Sync="FALSE">2020 Fire History polygons of Sequoia and Kings Canyon National Parks</resTitle><date><pubDate>2021-02-04T03:00:00</pubDate></date><resEd>2020 Fire History Update</resEd><citRespParty><rpOrgName>Sequoia and Kings Canyon National Park</rpOrgName><rpCntInfo><cntAddress><delPoint>Ash Mountain, CA</delPoint></cntAddress></rpCntInfo><role><RoleCd value="010"/></role></citRespParty><citRespParty><rpOrgName>Sequoia and Kings Canyon National Parks</rpOrgName><role><RoleCd value="006"/></role></citRespParty><presForm xmlns=""><PresFormCd value="005"/><fgdcGeoform>vector digital data</fgdcGeoform></presForm><presForm xmlns=""><fgdcGeoform>vector digital data</fgdcGeoform><PresFormCd value="005"/></presForm><datasetSeries><seriesName>WFMI Link</seriesName><issId>WFMI</issId><artPage>through 2019</artPage></datasetSeries></idCitation><idAbs>&lt;DIV STYLE="text-align:Left;"&gt;&lt;DIV&gt;&lt;DIV&gt;&lt;P&gt;&lt;SPAN&gt;This coverage represents the SEKI fire history from 1921 through 2020. A seperate database exists that has attribute information based on the common relate item called "gisno". This was linked to the WFMI database but that was only updated through 2019. The 2020 updates were manually populated from Inform since there was no integrated dataset yet. Some of the spatial data is blocky because it originated as a GRASS coverage with 30 meter resolution. Beginning in 1996, the fire history data has been digitally developed in Arc/Info. The resulting smooth line polygon shapefiles depict fires that are 1996 and later. A significant quality control process has increased the accuracy of attributes in the 2002 version and later.&lt;/SPAN&gt;&lt;/P&gt;&lt;/DIV&gt;&lt;/DIV&gt;&lt;/DIV&gt;</idAbs><idPurp>This data can be used for a variety of purposes including fire planning, operational applications, burned area recovery applications.</idPurp><idCredit>Sequoia and Kings Canyon National Park Staff</idCredit><idStatus><ProgCd value="001"/></idStatus><idPoC><rpIndName>Karen Folger</rpIndName><rpOrgName>Sequoia and Kings Canyon National Parks</rpOrgName><rpPosName>Fire GIS Specialist</rpPosName><rpCntInfo><cntPhone><voiceNum>(559) 565-3795</voiceNum><faxNum>559-565-3730</faxNum></cntPhone><cntAddress addressType="both"><delPoint>47050 Generals Highway</delPoint><city>Three Rivers</city><adminArea>California</adminArea><postCode>93271-9651</postCode><eMailAdd>karen_folger@nps.gov</eMailAdd></cntAddress></rpCntInfo><role><RoleCd value="007"/></role></idPoC><resMaint><maintFreq><MaintFreqCd value="008"/></maintFreq></resMaint><placeKeys><keyword>SEKI</keyword><keyword>Sierra Nevada</keyword><keyword>Sequoia and Kings Canyon National Parks</keyword></placeKeys><stratKeys><keyword>fire</keyword></stratKeys><themeKeys><keyword>history</keyword><keyword>WFMI</keyword><keyword>1202</keyword><keyword>fire history</keyword><keyword>fire</keyword></themeKeys><searchKeys><keyword>SEKI</keyword><keyword>Sierra Nevada</keyword><keyword>fire</keyword><keyword>history</keyword><keyword>WFMI</keyword><keyword>Sequoia and Kings Canyon National Parks</keyword><keyword>1202</keyword><keyword>fire history</keyword><keyword>fire</keyword><keyword>INFORM</keyword></searchKeys><resConst><LegConsts><useLimit>The National Park Service shall not be held liable for improper or incorrect use of the data described and/or contained herein. These data and related graphics ("GIF" format files) are not legal documents and are not intended to be used as such. The information contained in these data is dynamic and may change over time. The data are not better than the original sources from which they were derived. It is the responsibility of the data user to use the data appropriately and consistent within the limitations of geospatial data in general and these data in particular. The related graphics are intended to aid the data user in acquiring relevant data; it is not appropriate to use the related graphics as data. The National Park Service gives no warranty, expressed or implied, as to the accuracy, reliability, or completeness of these data. It is strongly recommended that these data are directly acquired from an NPS server and not indireclty through other sources which may have changed the data in some way. Although these data have been processed successfully on a computer system at the National Park Service, no warranty expressed or implied is made regarding the utility of the data on another system or for general or scientific purposes, nor shall the act of distribution constitute any such warranty. This disclaimer applies both to individual use of the data and aggregate use with other data.</useLimit></LegConsts></resConst><aggrInfo><aggrDSName><resTitle>WFMI 1202 System</resTitle><resEd>20191231</resEd><citRespParty><rpOrgName>BLM</rpOrgName><role><RoleCd value="006"/></role></citRespParty><presForm><PresFormCd value="001"/><fgdcGeoform>tabular digital data</fgdcGeoform></presForm><date><reviseDate>2019-12-31T00:00:00</reviseDate></date></aggrDSName><assocType><AscTypeCd value="001"/></assocType><initType><InitTypCd value="011"/></initType></aggrInfo><spatRpType><SpatRepTypCd value="001"/></spatRpType><dataLang><languageCode value="eng"/><countryCode value="USA" Sync="TRUE"/></dataLang><dataExt xmlns=""><exDesc>ground condition</exDesc><tempEle><TempExtent><exTemp><TM_Period xmlns=""><tmBegin>1921-01-01T00:00:00</tmBegin><tmEnd>2020-12-31T00:00:00</tmEnd></TM_Period></exTemp></TempExtent></tempEle></dataExt><dataExt xmlns=""><geoEle xmlns=""><GeoBndBox><westBL>-119.019588</westBL><eastBL>-118.265247</eastBL><southBL>36.266252</southBL><northBL>37.232942</northBL><exTypeCode>1</exTypeCode></GeoBndBox></geoEle><exDesc>Sequoia and Kings Canyon National Parks</exDesc></dataExt><dataChar><CharSetCd value="004"/></dataChar><envirDesc Sync="TRUE"> Version 6.2 (Build 9200) ; Esri ArcGIS 10.7.1.11595</envirDesc><dataExt xmlns=""><geoEle xmlns=""><GeoBndBox esriExtentType="search"><exTypeCode Sync="TRUE">1</exTypeCode><westBL Sync="TRUE">-119.155645</westBL><eastBL Sync="TRUE">-118.261525</eastBL><northBL Sync="TRUE">37.232948</northBL><southBL Sync="TRUE">36.068723</southBL></GeoBndBox></geoEle></dataExt><tpCat><TopicCatCd value="007"/></tpCat></dataIdInfo><mdMaint><maintFreq><MaintFreqCd value="008"/></maintFreq><maintNote>Last metadata review date: 20190204</maintNote></mdMaint><mdConst><SecConsts><class><ClasscationCd value="001"/></class><classSys>None</classSys><handDesc>None</handDesc></SecConsts></mdConst><dqInfo><dqScope><scpLvl><ScopeCd value="005"/></scpLvl></dqScope><report type="DQQuanAttAcc" dimension="horizontal"><measDesc>This data comes from the WFMI system so it should be very good.</measDesc><evalMethDesc>Spot checked and reviewed by internal users.</evalMethDesc><measResult><QuanResult><quanVal>None</quanVal></QuanResult></measResult><evalMethType><EvalMethTypeCd value="001"/></evalMethType></report><report type="DQAbsExtPosAcc" dimension="horizontal"><measDesc>General accuracy is impossible to consistently report as each fire could have originated on either a 7.5 minute or 15 minute quad map. The individual who drew the fire perimeter is the source. Point fires have been buffered to a 30 meter grid cell size. Some fires were digitized in the approximate area since no exact map was given, but the description was enough to give an area and approximate size. Good - lower accuracy with older fire data. The point (small fires) or polygon (larger) fires were digitized. However, the accuracy of individual fires will be variable depending on the individual who drew the polygon on a basemap. Beginning in 1996, some large fires were GPS'ed with PLGR units. 2008 and later fires mostly get mapped with Garmin 60s or better.</measDesc></report><dataLineage><dataSource xmlns="" type=""><srcDesc>Backdrop for sketching</srcDesc><srcMedName><MedNameCd value="027"/></srcMedName><srcScale><rfDenom>24000</rfDenom></srcScale><srcCitatn xmlns=""><resTitle>Various Quadrangles</resTitle><date><pubDate date="unknown"/></date><citRespParty><rpOrgName>U.S. Geological Survey (USGS)</rpOrgName><rpCntInfo><cntAddress><delPoint>Reston, Virginia</delPoint></cntAddress></rpCntInfo><role><RoleCd value="010"/></role></citRespParty><presForm><PresFormCd value="006"/></presForm><presForm><fgdcGeoform>Map</fgdcGeoform></presForm><datasetSeries><seriesName>USGS Standard Series of 7.5-minute Topographic Quadrangles</seriesName><issId>[State] Catalog of Topographic and Other Published Maps</issId></datasetSeries></srcCitatn><srcExt xmlns=""><tempEle><TempExtent><exTemp><TM_Period xmlns=""><tmBegin>1948-01-01T00:00:00</tmBegin><tmEnd>1991-01-01T00:00:00</tmEnd></TM_Period></exTemp></TempExtent></tempEle></srcExt></dataSource><prcStep xmlns=""><stepDesc>Hand or GPS digitized and then atributed via table data from the Wildland Fire Management Information System (WFMI)</stepDesc><stepDateTm>2021-02-04T00:00:00</stepDateTm><stepProc xmlns=""><rpIndName>Karen Folger</rpIndName><rpOrgName>Sequoia and Kings Canyon National Parks</rpOrgName><rpPosName>Fire GIS Specialist</rpPosName><rpCntInfo><cntPhone><voiceNum>559-565-3795</voiceNum></cntPhone><cntAddress addressType="both"><delPoint>47050 Generals Highway</delPoint><city>Three Rivers</city><adminArea>CA</adminArea><postCode>93271</postCode><eMailAdd>karen_folger@nps.gov</eMailAdd></cntAddress></rpCntInfo><role><RoleCd value="009"/></role></stepProc></prcStep></dataLineage></dqInfo><spatRepInfo><Indref>Arc/Info Regions to Shapefile</Indref><VectSpatRep><geometObjs Name="SEKIgis.DBO.FIRE_BurnHistory_py_New"><geoObjTyp><GeoObjTypCd value="002" Sync="TRUE"/></geoObjTyp><geoObjCnt Sync="TRUE">4027</geoObjCnt></geometObjs><topLvl><TopoLevCd value="001" Sync="TRUE"/></topLvl></VectSpatRep></spatRepInfo><eainfo><detailed Name="SEKIgis.DBO.FIRE_BurnHistory_py_New"><enttyp><enttypl Sync="TRUE">SEKIgis.DBO.FIRE_BurnHistory_py_New</enttypl><enttypt Sync="TRUE">Feature Class</enttypt><enttypc Sync="TRUE">4027</enttypc><enttypd>Provides specific information on individual fires from fire report.</enttypd><enttypds>Sequoia and Kings Canyon modified from WFMI Download of 1202 Data</enttypds></enttyp><attr><attrlabl Sync="TRUE">OBJECTID</attrlabl><attalias Sync="TRUE">OBJECTID</attalias><attrtype Sync="TRUE">OID</attrtype><attwidth Sync="TRUE">4</attwidth><atprecis Sync="TRUE">10</atprecis><attscale Sync="TRUE">0</attscale><attrdef Sync="TRUE">Internal feature number.</attrdef><attrdefs Sync="TRUE">Esri</attrdefs><attrdomv><udom Sync="TRUE">Sequential unique whole numbers that are automatically generated.</udom></attrdomv></attr><attr><attrlabl>ControlDT</attrlabl><attrdef>Fire Control Date</attrdef><attrdefs>WFMI</attrdefs><attalias Sync="TRUE">ControlDT</attalias><attrtype Sync="TRUE">Date</attrtype><attwidth Sync="TRUE">8</attwidth><atprecis Sync="TRUE">0</atprecis><attscale Sync="TRUE">0</attscale></attr><attr><attrlabl>UTME</attrlabl><attrdef>UTM Easting in NAD83</attrdef><attrdefs>SEKI ignition locations</attrdefs><attalias Sync="TRUE">UTME</attalias><attrtype Sync="TRUE">Double</attrtype><attwidth Sync="TRUE">8</attwidth><atprecis Sync="TRUE">38</atprecis><attscale Sync="TRUE">8</attscale></attr><attr><attrlabl>UTMN</attrlabl><attrdef>UTM Northing in NAD83</attrdef><attrdefs>SEKI ignition locations</attrdefs><attalias Sync="TRUE">UTMN</attalias><attrtype Sync="TRUE">Double</attrtype><attwidth Sync="TRUE">8</attwidth><atprecis Sync="TRUE">38</atprecis><attscale Sync="TRUE">8</attscale></attr><attr><attrlabl>FireName</attrlabl><attrdef>Name of Fire</attrdef><attalias Sync="TRUE">FireName</attalias><attrtype Sync="TRUE">String</attrtype><attwidth Sync="TRUE">255</attwidth><atprecis Sync="TRUE">0</atprecis><attscale Sync="TRUE">0</attscale></attr><attr><attrlabl>YEARNO</attrlabl><attrdef>Year of Fire Start</attrdef><attalias Sync="TRUE">YEARNO</attalias><attrtype Sync="TRUE">SmallInteger</attrtype><attwidth Sync="TRUE">2</attwidth><atprecis Sync="TRUE">5</atprecis><attscale Sync="TRUE">0</attscale></attr><attr><attrlabl Sync="TRUE">FireId</attrlabl><attalias Sync="TRUE">FireId</attalias><attrtype Sync="TRUE">Double</attrtype><attwidth Sync="TRUE">8</attwidth><atprecis Sync="TRUE">38</atprecis><attscale Sync="TRUE">8</attscale><attrdef>from WFMI system</attrdef><attrdefs>WFMI</attrdefs></attr><attr><attrlabl>NIFCNO</attrlabl><attrdef>WFMI Fire #</attrdef><attalias Sync="TRUE">NIFCNO</attalias><attrtype Sync="TRUE">Double</attrtype><attwidth Sync="TRUE">8</attwidth><atprecis Sync="TRUE">38</atprecis><attscale Sync="TRUE">8</attscale></attr><attr><attrlabl>SpecificCa</attrlabl><attrdef>Specific Cause</attrdef><attrdefs>WFMI System</attrdefs><attrdomv><edom><edomv>7</edomv><edomvd>Brakes</edomvd></edom><edom><edomv>11</edomv><edomvd>Trash burning</edomvd></edom><edom><edomv>15</edomv><edomvd>Slash burning</edomvd></edom><edom><edomv>10</edomv><edomvd>Smoking</edomvd></edom><edom><edomv>27</edomv><edomvd>Ignition devices</edomvd></edom><edom><edomv>16</edomv><edomvd>Right-of-way</edomvd></edom><edom><edomv>24</edomv><edomvd>Burning building</edomvd></edom><edom><edomv>23</edomv><edomvd>Blasting</edomvd></edom><edom><edomv>18</edomv><edomvd>Grudge fire</edomvd></edom><edom><edomv>19</edomv><edomvd>Recurrent</edomvd></edom><edom><edomv>22</edomv><edomvd>Employment</edomvd></edom><edom><edomv>12</edomv><edomvd>Burning dump</edomvd></edom><edom><edomv>31</edomv><edomvd>Volcanic</edomvd></edom><edom><edomv>32</edomv><edomvd>Other, known</edomvd></edom><edom><edomv>3</edomv><edomvd>Vehicle</edomvd></edom><edom><edomv>4</edomv><edomvd>Exhaust</edomvd></edom><edom><edomv>26</edomv><edomvd>Fireworks</edomvd></edom><edom><edomv>25</edomv><edomvd>Powerline</edomvd></edom><edom><edomv>8</edomv><edomvd>Cooking/warming</edomvd></edom><edom><edomv>30</edomv><edomvd>Other, unknown</edomvd></edom><edom><edomv>2</edomv><edomvd>Aircraft</edomvd></edom><edom><edomv>1</edomv><edomvd>Lightning</edomvd><edomvds>WFMI System</edomvds></edom><edom><edomv>17</edomv><edomvd>Resource mgmt</edomvd></edom><edom><edomv>13</edomv><edomvd>Field burning</edomvd></edom><edom><edomv>14</edomv><edomvd>Land clearing</edomvd></edom></attrdomv><attalias Sync="TRUE">SpecificCa</attalias><attrtype Sync="TRUE">Integer</attrtype><attwidth Sync="TRUE">4</attwidth><atprecis Sync="TRUE">10</atprecis><attscale Sync="TRUE">0</attscale></attr><attr><attrlabl Sync="TRUE">FireCode</attrlabl><attalias Sync="TRUE">FireCode</attalias><attrtype Sync="TRUE">String</attrtype><attwidth Sync="TRUE">255</attwidth><atprecis Sync="TRUE">0</atprecis><attscale Sync="TRUE">0</attscale></attr><attr><attrlabl>Cause</attrlabl><attrdefs>WFMI</attrdefs><attrdomv><edom><edomv>Natural</edomv><edomvd>Lightning or Other Naturally Caused</edomvd><edomvds>WFMI System</edomvds></edom><edom><edomv>Human</edomv><edomvd>Human Caused</edomvd><edomvds>WFMI System</edomvds></edom></attrdomv><attalias Sync="TRUE">Cause</attalias><attrtype Sync="TRUE">String</attrtype><attwidth Sync="TRUE">255</attwidth><atprecis Sync="TRUE">0</atprecis><attscale Sync="TRUE">0</attscale></attr><attr><attrlabl>NIFCLINK</attrlabl><attrdef>Linkage to WFMI database consisting of YEARNO and Firenumber</attrdef><attalias Sync="TRUE">NIFCLINK</attalias><attrtype Sync="TRUE">Double</attrtype><attwidth Sync="TRUE">8</attwidth><atprecis Sync="TRUE">38</atprecis><attscale Sync="TRUE">8</attscale></attr><attr><attrlabl>FireType</attrlabl><attrdef>Type of Fire</attrdef><attrdefs>WFMI combines Firetype and Protection Type</attrdefs><attrdomv><edom><edomv>26</edomv><edomvd>Natural outs, Other lands protected by NPS under a MOU, interagency agreement, or contract</edomvd></edom><edom><edomv>23</edomv><edomvd>Natural outs, NPS lands protected by another non-fed agency</edomvd></edom><edom><edomv>37</edomv><edomvd>Support actions by NPS resources</edomvd></edom><edom><edomv>14</edomv><edomvd>Suppress Fires, for fires suppressed under a confine or contain strategy</edomvd></edom><edom><edomv>15</edomv><edomvd>Suppressed Fires, other lands not under an agreement, where NPS action taken to prevent spread to NPS land</edomvd></edom><edom><edomv>16</edomv><edomvd>Suppressed Fires, other lands protected by NPS under a MOU, interagency agreement, or contract</edomvd></edom><edom><edomv>21</edomv><edomvd>Natural outs, NPS land under NPS protection</edomvd></edom><edom><edomv>22</edomv><edomvd>Natural outs, NPS lands protected by another fed agency</edomvd></edom><edom><edomv>11</edomv><edomvd>Suppressed Fires, NPS land under NPS protection</edomvd></edom><edom><edomv>13</edomv><edomvd>Suppressed Fires, NPS lands protected by another non-federal agency</edomvd></edom><edom><edomv>12</edomv><edomvd>Suppressed Fires, NPS lands protected by another federal agency</edomvd></edom><edom><edomv>48</edomv><edomvd>Prescribed fire, management ignited</edomvd></edom><edom><edomv>25</edomv><edomvd>Naturals outs, Other lands not under an agreement, where NPS action taken to prevent spread to NPS land</edomvd></edom><edom><edomv>49</edomv><edomvd>Lightning managed for Resource Benefit</edomvd></edom><edom><edomv>51</edomv><edomvd>False Alarms</edomvd></edom></attrdomv><attalias Sync="TRUE">Firetype</attalias><attrtype Sync="TRUE">Integer</attrtype><attwidth Sync="TRUE">4</attwidth><atprecis Sync="TRUE">10</atprecis><attscale Sync="TRUE">0</attscale></attr><attr><attrlabl>OutDate</attrlabl><attrdef>Date fire declared out</attrdef><attalias Sync="TRUE">OutDate</attalias><attrtype Sync="TRUE">Date</attrtype><attwidth Sync="TRUE">8</attwidth><atprecis Sync="TRUE">0</atprecis><attscale Sync="TRUE">0</attscale></attr><attr><attrlabl>ControlAcr</attrlabl><attrdef>Acres at Control</attrdef><attalias Sync="TRUE">ControlAcr</attalias><attrtype Sync="TRUE">Double</attrtype><attwidth Sync="TRUE">8</attwidth><atprecis Sync="TRUE">38</atprecis><attscale Sync="TRUE">8</attscale></attr><attr><attrlabl>Owner</attrlabl><attrdef>Owner of land on which fire started</attrdef><attrdomv><edom><edomv>5</edomv><edomvd>USFS</edomvd></edom><edom><edomv>6</edomv><edomvd>Other Federal Land</edomvd></edom><edom><edomv>4</edomv><edomvd>FWS</edomvd></edom><edom><edomv>7</edomv><edomvd>State Lands</edomvd></edom><edom><edomv>3</edomv><edomvd>NPS</edomvd></edom><edom><edomv>9</edomv><edomvd>Other</edomvd></edom><edom><edomv>1</edomv><edomvd>BLM</edomvd></edom><edom><edomv>2</edomv><edomvd>BIA</edomvd></edom><edom><edomv>8</edomv><edomvd>Private Lands</edomvd></edom></attrdomv><attalias Sync="TRUE">Owner</attalias><attrtype Sync="TRUE">Integer</attrtype><attwidth Sync="TRUE">4</attwidth><atprecis Sync="TRUE">10</atprecis><attscale Sync="TRUE">0</attscale></attr><attr><attrlabl>Shape</attrlabl><attrdef>Feature geometry.</attrdef><attrdefs>ESRI</attrdefs><attrdomv><udom>Coordinates defining the features.</udom></attrdomv><attalias Sync="TRUE">Shape</attalias><attrtype Sync="TRUE">Geometry</attrtype><attwidth Sync="TRUE">4</attwidth><atprecis Sync="TRUE">0</atprecis><attscale Sync="TRUE">0</attscale></attr><attr><attrlabl>LongNAD83</attrlabl><attrdef>Longitude in NAD83</attrdef><attrdefs>WFMI system calculated</attrdefs><attalias Sync="TRUE">LongNAD83</attalias><attrtype Sync="TRUE">Double</attrtype><attwidth Sync="TRUE">8</attwidth><atprecis Sync="TRUE">38</atprecis><attscale Sync="TRUE">8</attscale></attr><attr><attrlabl>LatNAD83</attrlabl><attrdef>Latitude in NAD83</attrdef><attrdefs>WFMI system calculated</attrdefs><attalias Sync="TRUE">LatNAD83</attalias><attrtype Sync="TRUE">Double</attrtype><attwidth Sync="TRUE">8</attwidth><atprecis Sync="TRUE">38</atprecis><attscale Sync="TRUE">8</attscale></attr><attr><attrlabl>GeneralCa</attrlabl><attrdef>General Cause</attrdef><attrdefs>WFMI System</attrdefs><attrdomv><edom><edomv>9</edomv><edomvd>Miscellaneous</edomvd></edom><edom><edomv>3</edomv><edomvd>Smoking</edomvd></edom><edom><edomv>8</edomv><edomvd>Children</edomvd></edom><edom><edomv>6</edomv><edomvd>Equipment Use</edomvd></edom><edom><edomv>5</edomv><edomvd>Incendiary</edomvd></edom><edom><edomv>2</edomv><edomvd>Campfire</edomvd></edom><edom><edomv>7</edomv><edomvd>Railroads</edomvd></edom><edom><edomv>1</edomv><edomvd>Natural</edomvd></edom><edom><edomv>4</edomv><edomvd>Debris</edomvd></edom></attrdomv><attalias Sync="TRUE">GeneralCa</attalias><attrtype Sync="TRUE">Integer</attrtype><attwidth Sync="TRUE">4</attwidth><atprecis Sync="TRUE">10</atprecis><attscale Sync="TRUE">0</attscale></attr><attr><attrlabl>FireNumber</attrlabl><attrdef>WFMI Fire #</attrdef><attalias Sync="TRUE">FireNumber</attalias><attrtype Sync="TRUE">Integer</attrtype><attwidth Sync="TRUE">4</attwidth><atprecis Sync="TRUE">10</atprecis><attscale Sync="TRUE">0</attscale></attr><attr><attrlabl>StartDate</attrlabl><attrdef>Start Date of Fire</attrdef><attalias Sync="TRUE">StartDate</attalias><attrtype Sync="TRUE">Date</attrtype><attwidth Sync="TRUE">8</attwidth><atprecis Sync="TRUE">0</atprecis><attscale Sync="TRUE">0</attscale></attr><attr><attrlabl>GISNO</attrlabl><attrdef>Linkage to GIS database, YEAR + GIS Fire #</attrdef><attalias Sync="TRUE">GISNO</attalias><attrtype Sync="TRUE">Integer</attrtype><attwidth Sync="TRUE">4</attwidth><atprecis Sync="TRUE">10</atprecis><attscale Sync="TRUE">0</attscale></attr><attr><attrlabl>IADate</attrlabl><attrdef>Initial Attack Date</attrdef><attrdefs>WFMI</attrdefs><attalias Sync="TRUE">IADate</attalias><attrtype Sync="TRUE">Date</attrtype><attwidth Sync="TRUE">8</attwidth><atprecis Sync="TRUE">0</atprecis><attscale Sync="TRUE">0</attscale></attr><attr><attrlabl Sync="TRUE">FireUse</attrlabl><attalias Sync="TRUE">FireUse</attalias><attrtype Sync="TRUE">String</attrtype><attwidth Sync="TRUE">255</attwidth><atprecis Sync="TRUE">0</atprecis><attscale Sync="TRUE">0</attscale><attrdef>Used internally to calculate statistics on whether fires were predominately suppression or fire use. RX fires do not receive a value. Only coded as yes for fires where no suppression action was taken. Many wilderness fires are only monitored by air. </attrdef><attrdefs>SEKI</attrdefs><attrdomv><edom><edomv>Yes</edomv><edomvd>Fire was not suppressed</edomvd><edomvds>SEKI</edomvds></edom><edom><edomv>No or blank</edomv><edomvd>Fire had some kind of suppression action taken</edomvd><edomvds>SEKI</edomvds></edom></attrdomv></attr><attr><attrlabl Sync="TRUE">Shape.STArea()</attrlabl><attalias Sync="TRUE">Shape.STArea()</attalias><attrtype Sync="TRUE">Double</attrtype><attwidth Sync="TRUE">0</attwidth><atprecis Sync="TRUE">0</atprecis><attscale Sync="TRUE">0</attscale></attr><attr><attrlabl Sync="TRUE">Shape.STLength()</attrlabl><attalias Sync="TRUE">Shape.STLength()</attalias><attrtype Sync="TRUE">Double</attrtype><attwidth Sync="TRUE">0</attwidth><atprecis Sync="TRUE">0</atprecis><attscale Sync="TRUE">0</attscale></attr></detailed><overview><eaover>The polygon attribute table contains a field by name of NIFCLINK, which joins the WFMI attribute dataset to the local GISNO linked spatial dataset. A linkage between these 2 numbering systems is maintained locally. The UTME and UTMN from the locally maintained dataset represents the most accurate version of ignition locations.</eaover><eadetcit>Click on link to users guide for the WFMI Fire Reporting System. http://www.nifc.blm.gov/nsdu/fire_reporting/NPS/doc/UserGuides.html</eadetcit></overview></eainfo><mdHrLvName Sync="TRUE">dataset</mdHrLvName><refSysInfo><RefSystem><refSysID><identCode code="26911" Sync="TRUE"/><idCodeSpace Sync="TRUE">EPSG</idCodeSpace><idVersion Sync="TRUE">6.13(3.0.1)</idVersion></refSysID></RefSystem></refSysInfo><spdoinfo><ptvctinf><esriterm Name="SEKIgis.DBO.FIRE_BurnHistory_py_New"><efeatyp Sync="TRUE">Simple</efeatyp><efeageom code="4" Sync="TRUE"/><esritopo Sync="TRUE">FALSE</esritopo><efeacnt Sync="TRUE">4027</efeacnt><spindex Sync="TRUE">TRUE</spindex><linrefer Sync="TRUE">FALSE</linrefer></esriterm></ptvctinf></spdoinfo><mdDateSt Sync="TRUE">20210204</mdDateSt></metadata>
